{"cameraMode":{"drawMode":0,"name":"Shaded","section":"Shading Mode"},"sceneLighting":true,"audioPlay":false,"sceneViewState":{"showFog":true,"showMaterialUpdate":true,"showSkybox":true,"showFlares":true,"showImageEffects":true,"showParticleSystems":true},"in2DMode":false,"pivot":{"x":-0.27963685989379885,"y":1.577272891998291,"z":-4.621159076690674},"rotation":{"x":-0.16453000903129579,"y":0.01834186166524887,"z":-0.00306258094497025,"w":-0.9862027764320374},"size":10.0,"orthographic":false}