{"cameraMode":{"drawMode":0,"name":"Shaded","section":"Shading Mode"},"sceneLighting":true,"audioPlay":false,"sceneViewState":{"showFog":true,"showMaterialUpdate":true,"showSkybox":true,"showFlares":true,"showImageEffects":true,"showParticleSystems":true},"in2DMode":false,"pivot":{"x":8.975486755371094,"y":-0.34248220920562746,"z":-3.949908971786499},"rotation":{"x":0.09967906773090363,"y":0.7965590953826904,"z":-0.13649703562259675,"w":0.580712080001831},"size":9.565481185913086,"orthographic":false}