{"cameraMode":{"drawMode":0,"name":"Shaded","section":"Shading Mode"},"sceneLighting":true,"audioPlay":false,"sceneViewState":{"showFog":true,"showMaterialUpdate":true,"showSkybox":true,"showFlares":true,"showImageEffects":true,"showParticleSystems":true},"in2DMode":false,"pivot":{"x":1.6083922386169434,"y":-2.064986228942871,"z":-29.44716453552246},"rotation":{"x":-0.2568402588367462,"y":-0.024056553840637208,"z":0.00643068365752697,"w":-0.9662340879440308},"size":10.0,"orthographic":false}