{"cameraMode":{"drawMode":0,"name":"Shaded","section":"Shading Mode"},"sceneLighting":true,"audioPlay":false,"sceneViewState":{"showFog":true,"showMaterialUpdate":true,"showSkybox":true,"showFlares":true,"showImageEffects":true,"showParticleSystems":true},"in2DMode":false,"pivot":{"x":425.14190673828127,"y":352.85101318359377,"z":-398.4776611328125},"rotation":{"x":0.011670537292957306,"y":-0.04292367398738861,"z":-0.0007699966081418097,"w":-0.9991846680641174},"size":640.0,"orthographic":false}