{"cameraMode":{"drawMode":0,"name":"Shaded","section":"Shading Mode"},"sceneLighting":true,"audioPlay":false,"sceneViewState":{"showFog":true,"showMaterialUpdate":true,"showSkybox":true,"showFlares":true,"showImageEffects":true,"showParticleSystems":true},"in2DMode":false,"pivot":{"x":-746.9268798828125,"y":-47.41318893432617,"z":809.3854370117188},"rotation":{"x":0.02124794013798237,"y":-0.36339154839515688,"z":0.008289379067718983,"w":0.9313650727272034},"size":556.3009033203125,"orthographic":false}